{"cameraMode":{"drawMode":0,"name":"Shaded","section":"Shading Mode"},"sceneLighting":true,"audioPlay":false,"sceneViewState":{"m_AlwaysRefresh":false,"showFog":true,"showSkybox":true,"showFlares":true,"showImageEffects":true,"showParticleSystems":true,"showVisualEffectGraphs":true,"m_FxEnabled":true},"in2DMode":false,"pivot":{"x":81.49683380126953,"y":5.240653991699219,"z":106.98377990722656},"rotation":{"x":0.09943719208240509,"y":-0.7762318253517151,"z":0.12663067877292634,"w":0.6095479130744934},"size":24.638765335083009,"orthographic":false}