{"cameraMode":{"drawMode":0,"name":"Shaded","section":"Shading Mode"},"sceneLighting":true,"audioPlay":false,"sceneViewState":{"m_AlwaysRefresh":false,"showFog":true,"showSkybox":true,"showFlares":true,"showImageEffects":true,"showParticleSystems":true,"showVisualEffectGraphs":true,"m_FxEnabled":true},"in2DMode":false,"pivot":{"x":32.617042541503909,"y":20.552570343017579,"z":-149.49716186523438},"rotation":{"x":-0.44954296946525576,"y":-0.04410902410745621,"z":0.024020696058869363,"w":-0.8922227025032044},"size":28.51169204711914,"orthographic":false}